"Номер заказа";"Создан";"На сумму";"Общая сумма заказа";"Статус";"Способ оплаты";"Способ доставки";"ФИО";"E-mail пользователя";"Телефон";"Страна";"Индекс";"Регион";"Город";"Метро";"Улица";"Здание";"Квартира";"Комментарий";"Комментарий менеджера";"";""
"2108/430";"2021-08-11 10:13:08";"177.92";"139.92";"Оплачен";"CREDIT / DEBIT CARD";"Delivery FEDEX 38$";"Sarah Willems";"sarahwillems@gmail.com";"5209551997";"United States";"80124";"CO";"Littleton";"";"10458 Lions Path";"N/A";"N/A";"";"1570286|Approval completed";"";""
"Наименование товара";"Кол-во";"Цена";"Вес";"Общая сумма заказа";"Опции";"";"";"";"";"";"";"";"";"";"";"";"";"";"";"";""
"Innotox 50U 3+1 Set";"1";"139.92";"0";"139.92";"{""modifications"":[],""modification"":0}";"";"";"";"";"";"";"";"";"";"";"";"";"";"";"";""
"2108/426";"2021-08-11 07:14:11";"348";"348";"Оплачен";"CREDIT / DEBIT CARD";"Delivery FEDEX 38$";"Marinella";"marinellashere@gmail.com";"7023748828";"USA";"89179";"NEVADA";"LAS VEGAS";"";"7495 CAMPBELL RANCH AVE";"NONE";"NONE";"";"1569836|Approval completed";"";""
"Наименование товара";"Кол-во";"Цена";"Вес";"Общая сумма заказа";"Опции";"";"";"";"";"";"";"";"";"";"";"";"";"";"";"";""
"Botulax 100U 3+1";"1";"189";"0";"189";"{""modifications"":[],""modification"":0}";"";"";"";"";"";"";"";"";"";"";"";"";"";"";"";""
"Innotox 50U 3+1 Set";"1";"159";"0";"159";"{""modifications"":[],""modification"":0}";"";"";"";"";"";"";"";"";"";"";"";"";"";"";"";""
"2108/419";"2021-08-11 03:12:12";"327.52";"289.52";"Оплачен";"Transfer Wise";"Delivery FEDEX 38$";"Valentina Mccarty";"vvmccarty@msn.com";"832-689-3602";"United States";"77082";"Texas";"Houston";"";"13227 Poplar Glen Lane";"Houxse";"none";"I can't wait, just saw Kim unpacking the box with the new Goodies !!";"";"";""
"Наименование товара";"Кол-во";"Цена";"Вес";"Общая сумма заказа";"Опции";"";"";"";"";"";"";"";"";"";"";"";"";"";"";"";""
"PCL Screw 29g 38mm";"1";"36.96";"0";"36.96";"{""modifications"":[],""modification"":0}";"";"";"";"";"";"";"";"";"";"";"";"";"";"";"";""
"PCL Mono 29g 38mm";"1";"28.16";"0";"28.16";"{""modifications"":[],""modification"":0}";"";"";"";"";"";"";"";"";"";"";"";"";"";"";"";""
"Rejuner Gold PCL";"1";"180.4";"0";"180.4";"{""modifications"":[],""modification"":0}";"";"";"";"";"";"";"";"";"";"";"";"";"";"";"";""
"PDO Screw 30g 38mm";"1";"21.12";"0";"21.12";"{""modifications"":[],""modification"":0}";"";"";"";"";"";"";"";"";"";"";"";"";"";"";"";""
"PLLA Mono 30G 25mm";"1";"22.88";"0";"22.88";"{""modifications"":[],""modification"":0}";"";"";"";"";"";"";"";"";"";"";"";"";"";"";"";""
"2108/416";"2021-08-11 01:43:42";"115";"77";"Оплачен";"Transfer Wise";"Delivery FEDEX 38$";"Tauna Christensen";"wade411@ida.net";"2087571717";"United States";"83274";"ID";"SHELLEY";"";"811 N 1100 E";"-";"-";"";"";"";""
"Наименование товара";"Кол-во";"Цена";"Вес";"Общая сумма заказа";"Опции";"";"";"";"";"";"";"";"";"";"";"";"";"";"";"";""
"Innotox 100U";"1";"77";"0";"77";"{""modifications"":[],""modification"":0}";"";"";"";"";"";"";"";"";"";"";"";"";"";"";"";""
"2108/414";"2021-08-11 01:19:58";"414";"414";"Оплачен";"Transfer Wise";"Delivery FEDEX 38$";"June Black";"Thomasblack1954@gmail.com";"2707040371";"United States";"42064";"Kentucky";"Marion";"";"6844 state Route 120";"Na";"Na";"";"";"";""
"Наименование товара";"Кол-во";"Цена";"Вес";"Общая сумма заказа";"Опции";"";"";"";"";"";"";"";"";"";"";"";"";"";"";"";""
"Rentox 100U 3+2";"2";"207";"0";"414";"{""modifications"":[],""modification"":0}";"";"";"";"";"";"";"";"";"";"";"";"";"";"";"";""
