<?xml version="1.0" encoding="UTF-8"?>
<model package="gompay" baseClass="xPDOObject" platform="mysql" defaultEngine="InnoDB" phpdoc-package="gompay"
       version="1.1">
    <object class="gomPayItem" table="gompay_items" extends="xPDOSimpleObject">
		<field key="user_id" dbtype="int" precision="10" phptype="integer" null="true" />
		<field key="order_id" dbtype="int" precision="10" phptype="integer" null="true" />
		<field key="data" dbtype="text" phptype="string" null="true" />
		<field key="txn_no" dbtype="varchar" precision="100" phptype="string" null="true" />
		<field key="create_dt" dbtype="timestamp" phptype="timestamp" null="true" />
		<aggregate alias="gomPayUser" class="gomPayUser" local="user_id" foreign="user_id" cardinality="many" owner="local" />
	</object>
	<object class="gomPayUser" table="gompay_users" extends="xPDOSimpleObject">
		<field key="user_id" dbtype="int" precision="10" phptype="integer" null="true" />
		<field key="gompay_id" dbtype="varchar" precision="100" phptype="string" null="true" />
		<field key="role" dbtype="varchar" precision="100" phptype="string" null="true" />
		<aggregate alias="gomPayItem" class="gomPayItem" local="user_id" foreign="user_id" cardinality="one" owner="foreign" />
	</object>
</model>
